date,open,high,low,close,volume
2022-04-27,48.0,53.61,48.0,53.28,20743500.0
2022-04-28,53.5,56.64,52.9,55.92,21066996.0
2022-04-29,56.91,58.32,55.85,57.7,16245195.0
2022-05-05,57.9,59.79,57.66,58.33,13391927.0
2022-05-06,57.06,57.83,55.18,55.81,9083407.0
2022-05-09,55.82,55.84,54.5,55.16,5912778.0
2022-05-10,54.67,56.26,54.4,55.75,13175778.0
2022-05-11,56.15,56.86,55.19,55.98,13883393.0
2022-05-12,55.95,56.38,55.31,56.04,6742870.0
2022-05-13,56.23,56.75,55.81,56.5,6920512.0
2022-05-16,56.57,57.3,56.13,56.64,6641274.0
2022-05-17,56.85,58.75,56.6,58.59,9221575.0
2022-05-18,58.47,59.0,58.0,58.5,6656834.0
2022-05-19,57.5,60.06,57.35,59.6,10821194.0
2022-05-20,59.02,60.96,59.02,60.1,8734018.0
2022-05-23,60.0,61.2,59.72,60.7,9331045.0
2022-05-24,61.49,62.23,59.1,59.19,10369877.0
2022-05-25,59.19,59.55,58.28,58.99,6593002.0
2022-05-26,58.95,60.35,57.8,59.09,7152018.0
2022-05-27,59.5,61.13,59.5,60.48,10494233.0
2022-05-30,59.91,61.53,59.51,60.04,7251507.0
2022-05-31,60.0,61.5,59.78,61.23,7890377.0
2022-06-01,60.99,62.46,60.8,61.25,7267716.0
2022-06-02,61.45,64.6,60.59,64.1,16232491.0
2022-06-06,64.1,65.87,63.24,65.65,17464168.0
2022-06-07,65.59,66.87,64.44,65.39,10570621.0
2022-06-08,65.86,65.86,64.21,65.4,10799498.0
2022-06-09,65.23,66.84,63.81,64.51,11328581.0
2022-06-10,64.26,65.4,63.33,65.01,12532901.0
2022-06-13,65.01,66.68,64.1,66.6,17265163.0
2022-06-14,66.01,66.48,63.6,66.08,10862749.0
2022-06-15,65.53,66.09,63.86,64.25,12887957.0
2022-06-16,64.25,65.6,64.2,64.9,8412170.0
2022-06-17,64.33,65.28,63.8,64.95,9252816.0
2022-06-20,64.95,66.47,64.5,66.01,10023928.0
2022-06-21,66.88,68.35,65.41,66.25,12486123.0
2022-06-22,66.2,67.0,64.01,64.38,14135588.0
2022-06-23,65.75,68.19,64.68,68.05,24597972.0
2022-06-24,68.66,70.1,67.6,69.8,22768450.0
2022-06-27,69.88,70.48,67.42,67.7,18502860.0
2022-06-28,67.79,69.65,66.25,69.28,18376671.0
2022-06-29,68.88,69.47,65.11,65.33,19075889.0
2022-06-30,65.0,66.86,64.91,65.87,13687095.0
2022-07-01,65.6,66.02,64.48,64.85,10034644.0
2022-07-04,64.36,65.86,64.1,65.75,10231086.0
2022-07-05,65.1,65.85,63.14,64.69,12375252.0
2022-07-06,64.16,64.68,62.88,63.6,9942908.0
2022-07-07,63.59,64.65,62.7,64.33,11842128.0
2022-07-08,64.06,65.25,62.88,64.43,20702921.0
2022-07-11,64.01,64.42,62.55,62.88,10518991.0
2022-07-12,62.88,63.3,61.81,62.29,11974634.0
2022-07-13,61.85,62.48,61.1,61.79,12658361.0
2022-07-14,61.67,64.6,61.09,63.82,14196900.0
2022-07-15,63.0,64.63,63.0,63.04,11324246.0
2022-07-18,62.67,63.9,62.1,63.1,12981801.0
2022-07-19,63.44,63.45,61.9,62.38,8849578.0
2022-07-20,62.41,64.96,62.4,63.61,11570330.0
2022-07-21,63.14,63.88,62.98,62.98,7293246.0
2022-07-22,63.0,63.54,61.22,62.0,8753770.0
2022-07-25,62.0,62.5,60.55,60.95,10257862.0
2022-07-26,61.39,62.81,61.0,62.55,9504363.0
2022-07-27,62.77,65.22,61.88,64.88,14154851.0
2022-07-28,65.15,67.17,64.96,66.1,15762020.0
2022-07-29,65.8,67.11,65.5,66.12,11695679.0
2022-08-01,66.11,67.63,64.61,67.06,14626060.0
2022-08-02,66.02,67.0,64.85,66.31,17242343.0
2022-08-03,67.0,67.51,64.7,65.0,11226067.0
2022-08-04,65.78,66.27,64.36,65.14,9858733.0
2022-08-05,65.65,65.86,62.73,63.57,14914662.0
2022-08-08,63.3,63.35,61.86,62.37,15794804.0
2022-08-09,62.56,63.2,62.08,62.66,9990624.0
2022-08-10,62.2,63.23,61.8,62.74,10443209.0
2022-08-11,62.72,63.45,62.15,63.0,9224116.0
2022-08-12,63.22,63.58,61.88,62.5,8711432.0
2022-08-15,62.56,63.2,61.97,63.06,10500912.0
2022-08-16,63.35,64.85,62.86,64.8,14979336.0
2022-08-17,64.79,64.8,63.63,64.14,8394227.0
2022-08-18,63.98,65.09,63.41,65.02,8253378.0
2022-08-19,65.59,65.61,62.33,62.4,12777738.0
2022-08-22,62.3,63.12,61.61,62.76,6444434.0
2022-08-23,62.7,66.66,62.36,64.26,23311044.0
2022-08-24,64.4,64.8,61.25,61.3,14753248.0
2022-08-25,61.4,62.46,60.94,62.08,9728182.0
2022-08-26,62.5,62.59,60.0,60.5,12610649.0
2022-08-29,59.6,60.51,58.6,58.98,11541704.0
2022-08-30,58.98,59.3,58.18,58.38,7578499.0
2022-08-31,57.8,59.97,57.35,59.97,11567959.0
2022-09-01,58.77,59.8,57.0,57.23,10389538.0
2022-09-02,57.34,58.5,57.05,57.88,8171129.0
2022-09-05,57.75,59.38,57.5,58.95,9668882.0
2022-09-06,58.95,59.35,57.13,58.14,11966196.0
2022-09-07,57.55,60.1,57.54,59.04,12033294.0
2022-09-08,59.05,59.24,57.9,58.03,8850618.0
2022-09-09,58.47,58.58,57.6,58.45,5787255.0
2022-09-13,58.9,59.48,58.18,58.7,6346367.0
2022-09-14,57.66,58.52,57.1,57.71,7509221.0
2022-09-15,58.3,58.79,56.9,57.46,11897416.0
2022-09-16,57.46,58.08,56.47,56.47,8752882.0
2022-09-19,56.47,58.75,56.45,58.09,11650602.0
2022-09-20,58.5,58.6,57.81,58.12,5642739.0
2022-09-21,58.08,58.28,56.8,57.55,5225025.0
2022-09-22,57.15,57.88,56.9,57.45,3459851.0
2022-09-23,57.55,57.87,56.01,56.85,5242069.0
2022-09-26,56.78,58.75,56.25,57.8,7890695.0
2022-09-27,57.84,58.36,57.01,57.95,7810263.0
2022-09-28,58.05,58.07,55.62,55.9,8484069.0
2022-09-29,56.5,58.38,55.9,57.6,9628897.0
2022-09-30,58.35,58.35,57.18,57.51,7231711.0
2022-10-10,58.5,59.39,57.52,57.94,12436330.0
2022-10-11,57.9,58.83,56.93,58.54,8938192.0
2022-10-12,58.61,61.6,58.22,61.6,27636798.0
2022-10-13,61.53,62.11,60.68,61.49,13134068.0
2022-10-14,61.89,62.85,61.7,62.2,13345415.0
2022-10-17,61.53,66.15,61.4,66.0,29832843.0
2022-10-18,66.45,67.38,65.45,66.09,19406149.0
2022-10-19,66.09,66.3,64.65,65.29,14097389.0
2022-10-20,64.9,65.0,62.12,63.0,24706431.0
2022-10-21,61.98,63.74,61.4,63.02,19455230.0
2022-10-24,62.95,65.65,62.7,64.41,17550281.0
2022-10-25,63.63,67.35,63.48,66.6,22542358.0
2022-10-26,66.22,66.98,65.61,66.14,18301358.0
2022-10-27,66.4,67.99,65.52,66.39,18994219.0
2022-10-28,65.0,66.0,64.68,64.83,11836983.0
2022-10-31,64.65,67.7,64.5,66.7,14060383.0
2022-11-01,66.18,67.9,66.18,67.53,16564461.0
2022-11-02,67.53,71.5,67.51,70.97,26203265.0
2022-11-03,70.5,71.2,69.55,69.87,10382872.0
2022-11-04,70.67,70.88,69.0,69.8,14607047.0
2022-11-07,69.02,70.09,67.75,69.12,14258812.0
2022-11-08,69.1,69.79,68.18,69.26,10109682.0
2022-11-09,68.5,69.4,67.68,68.41,10760300.0
2022-11-10,67.52,69.06,67.4,68.49,13654934.0
2022-11-11,70.52,71.98,69.5,71.2,22568751.0
2022-11-14,71.26,72.8,69.6,69.9,14161350.0
2022-11-15,70.88,72.48,69.89,71.91,12848650.0
2022-11-16,72.3,73.3,71.0,71.16,10145148.0
2022-11-17,70.87,71.5,68.9,69.24,11733618.0
2022-11-18,69.03,72.22,69.03,71.0,12466621.0
2022-11-21,70.56,72.8,70.19,72.27,10428368.0
2022-11-22,72.3,72.45,70.41,70.75,6763922.0
2022-11-23,70.03,71.74,69.6,70.79,8167486.0
2022-11-24,71.01,71.99,68.5,69.13,13585237.0
2022-11-25,69.48,69.75,68.08,68.41,9274053.0
2022-11-28,67.3,68.68,66.46,68.43,7879363.0
2022-11-29,68.3,70.37,67.96,69.73,11172722.0
2022-11-30,69.75,70.67,69.35,70.26,8008095.0
2022-12-01,70.88,72.28,69.83,69.91,15169305.0
2022-12-02,70.21,71.98,68.2,70.61,8792761.0
2022-12-05,70.48,72.78,70.43,72.3,12585137.0
2022-12-06,72.02,72.49,71.0,71.45,8524782.0
2022-12-07,71.01,71.79,70.39,70.91,8438538.0
2022-12-08,70.4,71.88,69.88,71.17,8554094.0
2022-12-09,71.15,71.45,68.22,69.37,16659763.0
2022-12-12,68.67,70.13,68.12,69.9,10011968.0
2022-12-13,71.0,71.0,68.92,69.5,8113288.0
2022-12-14,69.1,69.85,68.56,68.76,10605253.0
2022-12-15,69.3,70.19,68.78,69.96,7223388.0
2022-12-16,69.51,70.44,69.19,70.0,6638617.0
2022-12-19,69.52,70.57,69.15,69.92,6308636.0
2022-12-20,69.5,69.9,67.1,67.47,11837420.0
2022-12-21,67.03,68.45,66.96,67.59,6286876.0
2022-12-22,68.0,68.9,67.39,67.82,7224513.0
2022-12-23,67.69,67.8,66.01,66.68,5769280.0
2022-12-26,66.68,69.23,66.31,68.5,5966853.0
2022-12-27,69.13,69.25,67.85,68.9,9341041.0
2022-12-28,68.8,69.11,68.21,68.85,8548812.0
2022-12-29,68.92,70.31,68.52,69.88,8872624.0
2022-12-30,69.88,70.65,69.46,69.5,5633661.0
2023-01-03,69.59,70.52,68.5,70.01,10126470.0
2023-01-04,70.03,70.5,66.42,66.7,14753288.0
2023-01-05,66.82,67.88,66.15,66.65,12544952.0
2023-01-06,65.64,67.5,65.64,67.12,10066290.0
2023-01-09,67.16,68.88,66.77,68.05,9139940.0
2023-01-10,67.8,68.3,67.0,67.9,8214591.0
2023-01-11,68.3,68.3,65.34,65.68,15254106.0
2023-01-12,66.0,67.5,65.81,66.79,16701231.0
2023-01-13,66.79,69.01,65.72,69.01,22079694.0
2023-01-16,68.0,69.05,66.9,67.26,22116886.0
2023-01-17,67.27,68.86,67.0,68.53,13098933.0
2023-01-18,69.1,69.58,66.71,66.8,13751193.0
2023-01-19,66.93,67.9,66.13,67.81,9121959.0
2023-01-20,69.2,71.78,69.09,71.11,17719576.0
2023-01-30,73.0,73.24,71.5,72.42,16770520.0
2023-01-31,72.8,72.94,70.87,71.18,9615228.0
2023-02-01,71.2,72.17,70.86,71.5,7447683.0
2023-02-02,71.52,72.98,71.52,71.73,8659037.0
2023-02-03,71.67,73.2,70.26,71.81,14172858.0
2023-02-06,71.8,72.7,70.7,71.3,9348084.0
2023-02-07,71.6,71.99,70.53,71.34,8427513.0
2023-02-08,73.0,74.33,70.72,70.88,10091803.0
2023-02-09,70.8,72.99,70.71,72.99,11051580.0
2023-02-10,73.01,73.49,72.13,72.48,6801238.0
2023-02-13,72.99,74.94,72.08,74.5,17066220.0
2023-02-14,74.68,75.02,73.36,74.9,10971966.0
2023-02-15,74.84,74.9,73.15,73.6,8356097.0
2023-02-16,73.36,74.86,72.95,73.68,8226603.0
2023-02-17,73.1,73.58,71.25,71.32,10269601.0
2023-02-20,71.32,73.36,71.3,73.1,8847204.0
2023-02-21,72.78,73.25,72.57,73.1,5614586.0
2023-02-22,72.81,73.3,72.65,73.03,6386525.0
2023-02-23,73.0,74.5,72.96,73.29,9344625.0
2023-02-24,73.45,74.25,73.01,73.36,6552962.0
2023-02-27,73.36,73.65,71.92,72.39,6691103.0
2023-02-28,72.39,73.99,72.26,73.3,13186715.0
2023-03-01,73.85,74.63,73.12,74.31,8206700.0
2023-03-02,74.4,77.4,74.4,77.0,16119208.0
2023-03-03,76.88,77.35,75.34,76.0,8865330.0
2023-03-06,75.84,76.5,73.0,73.5,17527886.0
2023-03-07,73.35,73.68,72.08,72.34,9388838.0
2023-03-08,72.2,72.97,71.71,72.37,6513315.0
2023-03-09,72.11,73.5,72.11,72.76,5976867.0
2023-03-10,72.6,73.2,72.21,72.35,5871016.0
2023-03-13,72.34,73.24,71.89,72.85,7715768.0
2023-03-14,72.59,72.88,70.8,71.5,8866011.0
2023-03-15,72.01,72.26,70.18,70.41,9939114.0
2023-03-16,69.67,70.38,68.6,69.89,12077932.0
2023-03-17,70.69,70.69,68.0,68.0,21366944.0
2023-03-20,68.0,68.9,67.36,67.71,9765850.0
2023-03-21,67.71,68.79,67.46,68.75,10559721.0
2023-03-22,69.5,69.5,67.86,68.42,8568534.0
2023-03-23,68.39,68.87,67.76,68.0,12687644.0
2023-03-24,68.08,69.45,66.83,69.1,14575242.0
2023-03-27,68.75,70.58,68.5,69.7,14904298.0
2023-03-28,70.45,71.26,69.76,69.96,9932613.0
2023-03-29,70.0,70.78,69.5,69.77,6701889.0
2023-03-30,69.77,71.4,69.53,70.87,8578015.0
2023-03-31,71.24,71.35,70.03,70.3,8400241.0
2023-04-03,70.62,71.13,69.7,70.6,9947794.0
2023-04-04,70.65,70.67,68.85,69.69,9446887.0
2023-04-06,69.15,69.94,68.16,69.36,7935432.0
2023-04-07,69.33,69.66,68.31,68.52,9430855.0
2023-04-10,68.6,69.95,68.06,69.1,7135749.0
2023-04-11,70.15,70.59,68.88,69.9,8838236.0
2023-04-12,69.8,71.16,68.63,70.48,8389686.0
2023-04-13,70.11,70.58,68.51,68.6,5857449.0
2023-04-14,68.8,69.3,68.01,68.51,7091202.0
2023-04-17,68.51,69.5,67.33,67.72,16102561.0
2023-04-18,67.67,67.72,64.79,65.01,30413011.0
2023-04-19,63.9,64.99,61.71,64.06,29840315.0
2023-04-20,63.68,64.06,62.4,62.6,13907650.0
2023-04-21,62.02,62.99,61.25,61.4,13169992.0
2023-04-24,61.3,62.0,60.8,61.09,10498956.0
2023-04-25,61.72,62.78,60.3,61.46,16107865.0
2023-04-26,61.3,62.23,60.82,61.06,14039133.0
2023-04-27,61.14,61.67,60.39,61.2,8414625.0
2023-04-28,61.34,61.81,60.97,61.8,8883320.0
2023-05-04,62.48,62.5,59.16,59.95,22474127.0
2023-05-05,60.15,60.39,57.76,58.76,21457270.0
2023-05-08,58.45,59.36,57.87,58.33,15133711.0
2023-05-09,57.86,58.54,57.29,57.78,10822939.0
2023-05-10,57.32,58.36,56.8,57.5,10371967.0
2023-05-11,57.72,58.28,56.41,56.85,8600843.0
2023-05-12,57.18,57.18,56.17,56.28,9041132.0
2023-05-15,56.02,57.39,56.01,57.39,8338261.0
2023-05-16,57.4,58.34,57.3,57.89,13162281.0
2023-05-17,58.32,59.1,57.7,58.7,11611856.0
2023-05-18,59.0,59.8,58.3,59.17,12738533.0
2023-05-19,59.5,59.59,58.33,58.41,8484020.0
2023-05-22,58.84,60.66,58.76,60.3,15329268.0
2023-05-23,60.66,61.94,60.55,60.56,15633576.0
2023-05-24,59.88,61.38,59.7,60.2,12546677.0
2023-05-25,60.12,60.48,59.56,59.97,9778424.0
2023-05-26,59.96,60.2,59.01,59.91,6727731.0
2023-05-29,60.79,60.79,59.35,60.13,9785451.0
2023-05-30,60.03,61.05,60.01,60.45,11499539.0
2023-05-31,60.23,60.61,58.91,59.09,21424598.0
2023-06-01,59.34,60.39,58.47,59.39,10467204.0
2023-06-02,58.88,59.66,57.4,58.81,12848201.0
2023-06-05,58.84,59.8,58.69,59.01,9431399.0
2023-06-06,59.03,59.25,57.7,57.75,7603437.0
2023-06-07,57.7,58.38,57.24,57.73,8521517.0
2023-06-08,57.03,57.98,56.56,57.38,6961321.0
2023-06-09,55.3,57.5,54.86,57.04,21387339.0
2023-06-12,56.68,59.44,56.0,58.76,14758167.0
2023-06-13,58.9,59.39,58.14,59.04,9569659.0
2023-06-14,59.1,59.66,58.33,59.05,10677715.0
2023-06-15,59.4,63.36,59.08,62.93,25547967.0
2023-06-16,62.98,64.5,62.49,63.55,18499530.0
2023-06-19,63.55,64.77,63.0,63.84,13317852.0
2023-06-20,63.4,65.15,63.2,64.45,12787733.0
2023-06-21,64.87,64.98,63.23,63.27,15344942.0
2023-06-26,63.5,64.98,62.91,63.6,18918808.0
2023-06-27,63.18,64.07,62.41,63.26,10962274.0
2023-06-28,63.02,63.39,62.3,63.26,5858027.0
2023-06-29,63.18,64.84,62.47,64.0,12600816.0
2023-06-30,63.5,65.0,62.71,64.21,13923201.0
2023-07-03,64.2,66.18,64.2,64.7,16515188.0
2023-07-04,64.8,67.56,63.79,66.1,17239820.0
2023-07-05,70.25,75.74,70.14,70.5,46243428.0
2023-07-06,69.17,70.0,67.71,67.89,23567803.0
2023-07-07,67.2,68.74,66.88,67.21,13426801.0
2023-07-10,67.21,67.48,65.61,66.07,10099186.0
2023-07-11,66.07,68.86,65.91,68.54,16598796.0
2023-07-12,68.52,69.25,67.72,68.08,8376172.0
2023-07-13,68.21,68.58,66.98,67.65,11273896.0
2023-07-14,67.65,69.7,67.59,68.48,17710888.0
2023-07-17,67.89,68.44,66.71,67.85,6062107.0
2023-07-18,67.98,68.17,67.2,67.43,6902604.0
2023-07-19,67.23,67.77,66.86,67.01,5255373.0
2023-07-20,67.41,67.6,66.34,66.5,6661822.0
2023-07-21,65.89,67.08,65.88,66.13,5358404.0
2023-07-24,66.13,67.45,65.65,66.66,6157348.0
2023-07-25,67.99,70.22,67.51,68.06,13653539.0
2023-07-26,67.8,68.97,67.51,68.46,4989281.0
2023-07-27,69.0,70.08,68.3,68.6,6660785.0
2023-07-28,68.01,69.86,68.0,69.61,6694329.0
2023-07-31,69.47,72.5,69.47,71.01,10811941.0
2023-08-01,71.1,71.5,69.78,70.0,6599018.0
2023-08-02,69.65,71.38,69.55,70.28,5436830.0
2023-08-03,69.51,71.8,69.51,71.61,6694672.0
2023-08-04,71.65,72.46,71.28,71.42,7136203.0
2023-08-07,71.0,71.99,70.45,70.91,6406334.0
2023-08-08,70.48,72.01,69.57,69.81,11487243.0
2023-08-09,69.97,70.49,68.9,69.11,7334323.0
2023-08-10,69.11,69.65,68.88,69.31,5544046.0
2023-08-11,69.32,69.5,67.5,67.5,7102661.0
2023-08-14,67.3,67.85,66.5,67.31,5339200.0
2023-08-15,67.12,67.98,66.73,67.09,6327271.0
2023-08-16,66.73,67.7,66.51,66.83,5366487.0
2023-08-17,67.0,69.82,66.57,68.45,9357737.0
2023-08-18,68.31,68.8,67.83,67.92,4260471.0
2023-08-21,66.9,67.86,66.05,66.05,9118608.0
2023-08-22,67.2,68.53,66.5,68.01,11939501.0
2023-08-23,68.3,68.5,66.58,66.65,7981615.0
2023-08-24,66.77,67.5,65.55,66.16,6981660.0
2023-08-25,65.18,65.98,64.22,64.84,10704177.0
2023-08-28,68.0,68.38,65.69,66.18,12929511.0
2023-08-29,65.8,68.6,64.74,67.01,18677577.0
2023-08-30,67.02,68.77,67.0,67.91,9425019.0
2023-08-31,67.6,69.0,67.6,68.28,6517531.0
2023-09-01,68.8,69.13,68.06,68.2,3258193.0
2023-09-04,68.55,69.5,67.75,68.98,6152114.0
2023-09-05,68.51,69.99,68.51,69.75,6186623.0
2023-09-06,69.5,70.56,69.41,70.03,6247632.0
2023-09-07,70.03,70.24,69.21,69.3,4883445.0
2023-09-08,69.0,70.25,68.92,70.11,5956065.0
2023-09-11,69.5,69.94,68.45,69.4,6859166.0
2023-09-12,69.22,69.62,69.08,69.48,3281068.0
2023-09-13,69.0,69.66,68.78,69.3,5792282.0
2023-09-14,69.09,69.47,68.91,69.25,4568357.0
2023-09-15,69.61,70.2,68.8,69.51,7396868.0
2023-09-18,69.5,70.25,68.56,68.56,5837659.0
2023-09-19,68.64,69.03,67.71,68.4,6158274.0
2023-09-20,68.88,68.94,67.77,67.82,5910959.0
2023-09-21,67.5,68.0,67.2,67.42,5329306.0
2023-09-22,68.0,68.24,66.38,68.13,6143018.0
2023-09-25,69.45,69.6,67.77,68.56,6214390.0
2023-09-26,68.08,69.18,68.02,68.8,4799056.0
2023-09-27,69.0,69.15,67.93,68.58,6501323.0
2023-09-28,68.69,69.0,64.72,66.49,15900650.0
2023-10-09,66.3,68.27,66.02,67.87,9085235.0
2023-10-10,67.08,69.0,66.23,66.23,6748788.0
2023-10-11,66.26,67.28,65.8,66.86,8781977.0
2023-10-12,66.8,67.22,65.9,66.2,5618249.0
2023-10-13,66.0,66.18,65.03,65.71,6106508.0
2023-10-16,65.69,66.41,65.38,65.81,5933417.0
2023-10-17,65.5,65.8,65.05,65.13,6547314.0
2023-10-18,65.3,65.3,63.78,64.74,8513282.0
2023-10-19,64.7,64.85,63.2,63.64,6765194.0
2023-10-20,63.5,63.63,62.4,62.55,8838194.0
2023-10-23,62.55,62.86,61.17,62.2,9251417.0
2023-10-24,61.27,62.7,61.0,62.16,12686968.0
2023-10-25,62.0,63.21,61.88,62.47,7704640.0
2023-10-26,61.86,62.9,61.81,62.63,7024385.0
2023-10-27,62.08,63.3,61.2,61.38,15304659.0
2023-10-30,61.0,61.56,59.88,61.08,15580980.0
2023-10-31,61.16,61.45,59.9,60.44,10382091.0
2023-11-01,60.43,60.43,59.43,59.71,8695136.0
2023-11-02,60.04,61.16,60.0,60.1,8956000.0
2023-11-03,61.32,62.99,60.36,62.47,15754510.0
2023-11-06,62.66,64.26,62.04,63.74,13956466.0
2023-11-07,63.7,64.45,63.3,64.2,7224514.0
2023-11-08,64.0,64.13,62.5,62.8,7588254.0
2023-11-09,62.55,63.18,62.44,62.99,5728036.0
2023-11-10,62.31,62.9,61.87,62.04,5590754.0
2023-11-13,61.91,62.36,61.3,61.86,5726693.0
2023-11-14,61.59,62.2,60.79,61.12,5956956.0
2023-11-15,61.5,62.07,61.24,61.73,6082130.0
2023-11-16,62.89,62.89,61.03,61.05,8382845.0
2023-11-17,60.7,61.45,60.61,61.4,5330444.0
2023-11-20,61.25,62.32,60.62,62.11,7337869.0
2023-11-21,62.88,63.2,61.88,61.92,8555107.0
2023-11-22,61.43,61.99,60.76,60.76,4878327.0
2023-11-23,60.71,61.99,60.58,61.89,5098429.0
2023-11-24,62.28,63.12,61.88,62.55,9042206.0
2023-11-27,65.0,65.0,63.12,63.8,10965574.0
2023-11-28,63.5,64.94,63.02,64.7,7506758.0
2023-11-29,64.7,65.49,64.35,65.09,7400664.0
2023-11-30,64.96,66.42,64.79,66.01,10420495.0
2023-12-01,65.56,65.95,64.5,65.69,9243527.0
2023-12-04,65.5,66.06,64.7,65.31,6484024.0
2023-12-05,64.95,64.95,62.84,63.0,11643112.0
2023-12-06,62.9,62.9,59.54,60.05,17939120.0
2023-12-07,59.45,60.01,57.61,58.63,22539632.0
2023-12-08,58.63,59.11,58.12,59.11,14421999.0
2023-12-11,58.8,61.18,57.6,61.04,11127252.0
2023-12-12,60.66,61.75,59.85,61.5,6862575.0
2023-12-13,61.6,61.76,60.75,61.25,6073386.0
2023-12-14,61.45,61.74,60.57,60.59,5508803.0
2023-12-15,60.76,61.29,60.11,60.38,5918229.0
2023-12-18,59.97,60.4,59.05,59.3,8342239.0
2023-12-19,59.3,59.98,59.22,59.58,6147550.0
2023-12-20,59.58,59.7,58.69,58.69,5839667.0
2023-12-21,59.27,60.46,58.69,60.11,8924151.0
2023-12-22,60.1,60.36,59.2,59.7,6812046.0
2023-12-25,59.69,60.78,59.25,60.46,5872911.0
2023-12-26,60.51,60.75,59.43,59.93,3472002.0
2023-12-27,59.92,60.73,59.45,60.33,5999591.0
2023-12-28,59.89,63.7,59.62,62.69,13314235.0
2023-12-29,62.82,63.45,61.84,63.14,10027323.0
2024-01-02,63.01,64.13,62.14,62.25,8221355.0
2024-01-03,62.13,62.38,60.52,61.05,6623692.0
2024-01-04,60.88,61.05,60.15,60.45,7042684.0
2024-01-05,60.0,60.9,59.59,60.0,7864373.0
2024-01-08,59.66,60.18,58.7,58.8,7084360.0
2024-01-09,58.89,60.28,58.53,59.79,6428950.0
2024-01-10,59.53,59.95,57.27,57.27,10165022.0
2024-01-11,57.27,57.69,56.47,56.68,11836470.0
2024-01-12,56.58,56.77,54.65,55.85,21053341.0
2024-01-15,55.7,55.7,54.58,55.05,9125427.0
2024-01-16,55.11,55.36,53.78,54.74,15195091.0
2024-01-17,54.7,55.0,53.18,53.28,14515484.0
2024-01-18,53.0,54.11,52.22,53.85,19698569.0
2024-01-19,53.85,53.96,53.07,53.74,12383470.0
2024-01-22,54.01,54.62,53.17,53.46,18497461.0
2024-01-23,53.05,54.92,52.62,54.48,15236804.0
2024-01-24,54.35,55.68,53.92,55.5,14003567.0
2024-01-25,55.31,56.54,54.73,55.74,10977660.0
2024-01-26,54.87,57.66,54.56,56.87,14897663.0
2024-01-29,56.6,57.35,55.68,55.72,10889589.0
2024-01-30,55.11,55.85,54.39,54.44,10066109.0
2024-01-31,55.0,56.88,54.01,55.96,14217989.0
2024-02-01,55.9,57.6,55.51,56.5,12794928.0
2024-02-02,56.02,58.8,55.91,57.24,12812110.0
2024-02-05,57.0,60.45,56.2,59.35,23328878.0
2024-02-06,58.35,60.5,58.07,60.1,19475791.0
2024-02-07,59.6,62.55,59.2,62.0,20620312.0
2024-02-08,62.0,64.98,61.71,62.05,20977798.0
2024-02-19,62.2,64.45,62.0,62.37,14265561.0
2024-02-20,62.0,63.58,61.7,63.0,10335754.0
2024-02-21,62.7,63.26,60.19,61.8,18113303.0
2024-02-22,61.47,62.55,61.01,61.61,10006568.0
2024-02-23,61.12,61.78,59.65,60.7,14887467.0
2024-02-26,62.5,62.88,60.3,60.8,19022889.0
2024-02-27,60.48,62.27,60.21,62.01,16040389.0
2024-02-28,62.28,62.43,61.49,61.5,15641813.0
2024-02-29,61.1,63.45,61.1,63.21,14868702.0
2024-03-01,63.21,64.08,62.83,63.85,14004114.0
2024-03-04,63.63,65.45,63.55,64.85,14453963.0
2024-03-05,64.83,66.9,64.5,66.75,20269679.0
2024-03-06,66.21,66.99,65.97,66.5,11609385.0
2024-03-07,66.8,68.2,66.41,66.87,11628023.0
2024-03-08,66.85,67.2,66.29,66.95,7581231.0
2024-03-11,66.89,67.12,65.11,66.1,14832854.0
2024-03-12,65.97,66.39,65.15,65.7,10614234.0
2024-03-13,65.58,65.78,65.01,65.33,10191954.0
2024-03-14,65.49,65.8,63.63,64.08,15214402.0
2024-03-15,64.01,64.19,62.83,63.98,12422415.0
2024-03-18,64.08,64.48,63.06,64.34,11639086.0
2024-03-19,64.34,64.34,62.76,62.94,11918299.0
2024-03-20,62.63,63.29,62.38,62.89,7614665.0
2024-03-21,62.73,63.2,61.27,61.29,13853867.0
2024-03-22,61.3,61.98,61.0,61.39,12922857.0
2024-03-25,61.4,62.0,60.68,60.7,10469342.0
2024-03-26,60.72,61.08,60.02,60.47,10715557.0
2024-03-27,60.42,60.99,59.48,59.55,9586369.0
2024-03-28,59.98,60.78,58.71,60.23,12937635.0
2024-03-29,61.88,62.38,60.87,61.22,13993327.0
2024-04-01,62.4,62.42,61.13,61.47,12515883.0
2024-04-02,61.55,61.55,60.4,61.1,14182050.0
2024-04-03,60.69,61.99,60.65,61.48,12642376.0
2024-04-08,62.4,62.4,59.38,59.55,18728752.0
2024-04-09,59.56,60.0,58.08,58.28,16683546.0
2024-04-10,58.11,58.66,57.47,58.02,11808667.0
2024-04-11,57.5,59.15,57.38,58.65,9692636.0
2024-04-12,58.44,60.04,58.42,58.63,11179903.0
2024-04-15,58.65,60.28,57.72,60.2,13485351.0
2024-04-16,60.1,61.88,59.95,60.82,16733796.0
2024-04-17,60.83,61.87,60.37,61.79,10989259.0
2024-04-18,61.35,61.96,61.1,61.26,9726512.0
2024-04-19,61.03,61.5,60.78,61.0,7416507.0
2024-04-22,60.68,61.69,60.59,61.28,7582812.0
2024-04-23,61.04,61.31,59.18,59.95,13233724.0
2024-04-24,59.39,60.79,59.1,59.18,11735211.0
2024-04-25,58.51,58.6,57.28,57.43,12223124.0
2024-04-26,57.14,59.4,57.1,59.29,12677264.0
2024-04-29,59.16,60.49,58.6,59.98,15529523.0
2024-04-30,59.7,60.22,59.36,59.5,10007775.0
2024-05-06,59.55,63.16,59.55,62.95,27838817.0
2024-05-07,63.0,64.15,62.68,63.77,17042516.0
2024-05-08,63.88,65.2,63.63,63.77,15486430.0
2024-05-09,63.77,64.05,62.91,63.68,10372853.0
2024-05-10,63.88,64.38,63.0,63.2,7067303.0
2024-05-13,62.22,63.47,61.59,61.72,11559322.0
2024-05-14,61.72,62.42,61.05,61.45,7175626.0
2024-05-15,61.39,61.77,61.0,61.01,4896783.0
2024-05-16,60.86,61.19,59.7,59.81,10003199.0
2024-05-17,60.71,61.17,59.85,60.92,8997933.0
2024-05-20,61.0,61.87,60.8,61.05,9673815.0
2024-05-21,61.0,61.05,59.81,60.15,6090171.0
2024-05-22,60.0,60.33,59.55,59.97,8787574.0
2024-05-23,59.55,60.25,59.51,60.09,5805740.0
2024-05-24,59.71,60.1,58.92,59.3,7501501.0
2024-05-27,59.5,60.06,59.15,59.71,4729911.0
2024-05-28,59.71,59.81,58.5,58.61,8098273.0
2024-05-29,58.51,59.12,58.12,58.41,6598438.0
2024-05-30,58.4,59.09,57.92,58.17,6864627.0
2024-05-31,58.2,58.78,57.91,57.94,7304009.0
2024-06-03,56.79,57.65,55.44,55.88,19963702.0
2024-06-04,55.89,55.98,54.69,55.48,19880750.0
2024-06-05,55.49,56.45,55.3,55.43,10525383.0
2024-06-06,55.19,55.74,54.71,55.53,12744347.0
2024-06-07,55.32,55.83,54.21,54.37,12190477.0
2024-06-11,53.7,55.06,53.6,54.77,11523233.0
2024-06-12,54.5,54.92,53.28,53.55,17865203.0
2024-06-13,54.14,54.68,53.39,54.25,17013025.0
2024-06-14,54.5,55.82,53.61,55.26,27535028.0
2024-06-17,55.01,56.28,54.82,55.77,16014839.0
2024-06-18,55.54,56.29,55.43,55.66,11305322.0
2024-06-19,55.71,56.0,53.76,53.8,14634814.0
2024-06-20,53.48,53.92,51.51,51.69,20813960.0
2024-06-21,51.93,52.25,51.33,51.72,10761031.0
2024-06-24,52.15,52.15,50.85,50.98,12909601.0
2024-06-25,51.2,52.14,50.98,51.7,12036900.0
2024-06-26,51.55,52.08,50.68,51.89,11374053.0
2024-06-27,51.88,52.06,51.18,51.3,9475795.0
2024-06-28,50.7,52.37,50.7,51.3,14155953.0
2024-07-01,51.01,51.35,49.22,49.9,13110227.0
2024-07-02,50.0,51.48,49.65,50.52,16957406.0
2024-07-03,50.53,50.98,50.12,50.78,7678572.0
2024-07-04,51.25,51.8,50.46,51.07,11296665.0
2024-07-05,51.07,51.26,50.38,50.63,10090552.0
2024-07-08,50.7,50.75,49.22,49.57,13224584.0
2024-07-09,49.4,50.5,48.51,50.29,12403651.0
2024-07-10,49.99,51.0,49.87,50.99,12322207.0
2024-07-11,51.22,52.39,51.22,51.52,13492890.0
2024-07-12,51.5,51.5,49.0,49.0,21193952.0
2024-07-15,48.65,49.22,48.4,48.45,12877613.0
2024-07-16,48.4,49.77,48.31,49.49,13224316.0
2024-07-17,49.2,49.38,48.55,48.92,11243363.0
2024-07-18,48.94,51.0,48.71,50.43,19032420.0
2024-07-19,50.2,51.3,50.01,51.13,13064582.0
2024-07-22,51.05,51.3,50.08,50.43,11220084.0
2024-07-23,49.93,50.05,48.45,48.45,11068417.0
2024-07-24,48.0,48.38,46.6,46.88,18055613.0
2024-07-25,46.82,46.86,45.29,45.7,17827515.0
2024-07-26,45.81,47.17,45.81,46.34,15031109.0
2024-07-29,45.52,45.73,43.41,43.85,21207471.0
2024-07-30,44.0,44.86,43.52,44.81,15633827.0
2024-07-31,44.46,46.87,44.15,46.65,16177539.0
2024-08-01,46.4,46.9,45.55,45.6,13934931.0
2024-08-02,45.49,46.33,45.08,45.34,9786106.0
2024-08-05,45.43,45.85,44.66,44.95,11064851.0
2024-08-06,45.02,46.17,44.62,45.32,11437203.0
2024-08-07,45.16,46.15,45.11,45.78,8083300.0
2024-08-08,45.59,46.23,45.26,45.7,8879392.0
2024-08-09,45.93,46.15,44.9,44.9,9200836.0
2024-08-12,44.64,44.88,43.8,43.97,12842520.0
2024-08-13,43.9,44.18,42.49,42.93,15705531.0
2024-08-14,42.88,42.93,41.46,41.53,14315054.0
2024-08-15,41.55,43.26,41.5,42.49,15944266.0
2024-08-16,42.42,42.42,41.57,42.29,13838363.0
2024-08-19,42.2,42.6,41.55,41.82,9293634.0
2024-08-20,41.81,42.0,41.11,41.3,9147520.0
2024-08-21,41.03,41.55,40.8,40.8,9526439.0
2024-08-22,40.67,40.95,39.17,40.05,17695594.0
2024-08-23,39.77,40.29,39.43,39.9,8928261.0
2024-08-26,40.18,41.13,39.91,40.53,12626462.0
2024-08-27,40.32,42.16,40.3,41.7,16980576.0
2024-08-28,41.7,42.97,41.48,42.75,18327947.0
2024-08-29,42.81,44.41,42.51,43.87,18163927.0
2024-08-30,43.69,44.01,42.8,43.3,18538451.0
2024-09-02,43.2,43.39,41.82,42.04,13844159.0
2024-09-03,42.04,42.68,41.52,42.28,10079341.0
2024-09-04,42.1,43.18,41.42,42.51,11110742.0
2024-09-05,42.35,42.75,42.21,42.58,7004908.0
2024-09-06,42.6,42.74,42.03,42.1,5275866.0
2024-09-09,41.7,42.75,41.7,42.24,11041656.0
2024-09-10,42.63,43.83,42.16,43.51,15289619.0
2024-09-11,43.3,43.62,42.9,43.35,8899413.0
2024-09-12,43.45,44.1,43.2,43.44,10003390.0
2024-09-13,43.46,43.79,42.9,43.28,9804638.0
2024-09-18,43.25,43.99,42.7,43.86,9634400.0
2024-09-19,43.9,44.6,43.21,44.19,13488881.0
2024-09-20,44.16,44.29,43.5,44.06,10227981.0
2024-09-23,44.15,44.29,43.28,43.45,9038202.0
2024-09-24,43.65,47.26,43.45,47.01,27262423.0
2024-09-25,48.4,48.88,47.82,48.01,22673616.0
2024-09-26,48.01,50.39,47.88,50.26,22873906.0
2024-09-27,51.1,57.99,51.1,54.3,38179340.0
2024-09-30,57.65,62.98,56.0,62.45,51128916.0
2024-10-08,74.94,74.94,67.4,74.9,97598365.0
2024-10-09,71.15,71.15,64.2,64.76,89760492.0
2024-10-10,66.04,66.96,62.77,63.02,44954783.0
2024-10-11,62.5,62.5,57.6,58.33,34325893.0
2024-10-14,59.43,60.08,56.86,58.91,34177923.0
2024-10-15,59.88,59.88,56.96,57.06,24845384.0
2024-10-16,55.13,56.88,54.85,55.66,22600455.0
2024-10-17,55.6,56.44,55.08,55.1,21903387.0
2024-10-18,55.07,60.58,54.4,58.5,45780200.0
2024-10-21,59.0,59.42,56.85,58.0,40375411.0
2024-10-22,57.87,57.87,56.43,56.93,29132584.0
2024-10-23,56.73,57.67,55.88,56.43,30815939.0
2024-10-24,56.25,57.39,56.08,56.68,20178947.0
2024-10-25,57.02,58.83,56.69,58.0,33451081.0
2024-10-28,58.5,58.5,56.81,57.33,22936774.0
2024-10-29,57.34,57.77,56.38,56.46,24501811.0
2024-10-30,56.0,57.17,55.03,55.41,21212816.0
2024-10-31,55.42,55.89,54.68,55.41,22327213.0
2024-11-01,55.01,56.08,54.83,55.6,19450329.0
2024-11-04,56.71,60.0,56.71,59.99,51807490.0
2024-11-05,59.43,62.04,58.22,60.8,53732791.0
2024-11-06,60.73,61.66,59.35,59.9,41091379.0
2024-11-07,59.8,62.97,59.44,62.39,41425556.0
2024-11-08,63.45,65.47,62.22,62.53,44096236.0
2024-11-11,62.48,65.29,61.78,64.41,43200393.0
2024-11-12,64.84,64.98,61.49,62.0,44634033.0
2024-11-13,61.2,61.93,60.35,61.78,31623604.0
2024-11-14,61.5,61.68,59.66,59.7,22129063.0
2024-11-15,58.99,60.3,58.32,58.38,24824570.0
2024-11-18,58.3,58.9,56.63,57.06,23663188.0
2024-11-19,57.7,59.0,56.8,58.88,21909088.0
2024-11-20,58.88,60.13,58.56,59.64,23878712.0
2024-11-21,59.65,61.93,59.65,60.88,32068493.0
2024-11-22,60.88,61.05,58.12,58.24,23766590.0
2024-11-25,58.0,58.66,57.58,58.23,15187588.0
2024-11-26,57.88,58.3,57.3,57.3,12084899.0
2024-11-27,57.0,59.16,56.98,59.02,17009161.0
2024-11-28,59.02,59.27,57.79,58.3,13698292.0
2024-11-29,58.29,61.0,57.61,60.3,29528987.0
2024-12-02,61.5,63.5,61.33,62.98,48347944.0
2024-12-03,63.0,63.0,61.46,62.35,25978801.0
2024-12-04,61.95,63.6,61.06,62.24,27335660.0
2024-12-05,62.0,62.98,61.04,61.99,19832263.0
2024-12-06,62.03,62.74,61.04,62.17,22374751.0
2024-12-09,62.17,63.53,61.7,62.52,24959736.0
2024-12-10,65.05,65.37,62.67,62.79,37520364.0
2024-12-11,62.31,62.58,61.34,61.57,21364341.0
2024-12-12,61.1,61.78,60.8,61.25,21014966.0
2024-12-13,60.86,61.65,60.35,60.5,33721962.0
2024-12-16,59.7,60.28,58.54,59.9,25261255.0
2024-12-17,59.52,60.3,58.9,59.22,15129952.0
2024-12-18,59.35,59.79,58.75,59.31,14622544.0
2024-12-19,58.82,60.5,58.56,59.83,16409028.0
2024-12-20,59.8,60.38,59.29,59.45,17227548.0
2024-12-23,59.21,59.6,58.13,58.5,21999209.0
2024-12-24,58.84,60.15,58.61,59.3,16134406.0
2024-12-25,59.44,59.88,58.85,59.48,12391118.0
2024-12-26,59.48,60.2,59.17,60.08,15585403.0
2024-12-27,60.14,60.26,59.0,59.39,23792560.0
2024-12-30,59.39,61.22,59.39,60.08,22090429.0
2024-12-31,60.08,60.22,58.58,58.58,16402538.0
2025-01-02,58.67,58.71,55.98,56.3,20415841.0
2025-01-03,56.74,57.33,55.71,55.94,15341875.0
2025-01-06,55.89,56.52,55.15,55.76,13652562.0
2025-01-07,56.0,56.65,55.74,56.64,11771512.0
2025-01-08,56.66,57.52,55.0,56.79,16160092.0
2025-01-09,56.48,57.77,56.33,57.2,12935574.0
2025-01-10,57.28,62.15,57.25,59.99,49244814.0
2025-01-13,59.5,60.75,58.1,58.35,24941822.0
2025-01-14,58.36,61.85,58.11,61.8,41437460.0
2025-01-15,61.28,61.93,60.45,60.71,27366012.0
2025-01-16,61.09,61.95,59.9,60.42,22537225.0
2025-01-17,60.11,61.44,59.8,60.55,19088140.0
2025-01-20,60.77,61.39,59.69,59.9,19213645.0
2025-01-21,60.53,61.93,60.01,61.49,29468857.0
2025-01-22,61.07,61.28,60.21,60.71,17412444.0
2025-01-23,61.37,63.1,60.6,61.75,44732436.0
2025-01-24,61.5,64.35,61.33,63.13,44766677.0
2025-01-27,63.14,63.33,60.19,60.19,29472930.0
2025-02-05,61.62,64.38,61.5,63.1,46833502.0
2025-02-06,63.15,70.25,62.58,69.41,87023359.0
2025-02-07,69.0,69.7,67.7,69.0,59384162.0
2025-02-10,68.45,68.72,66.8,68.28,37981863.0
2025-02-11,68.31,69.64,67.7,68.47,39770234.0
2025-02-12,67.97,68.53,66.55,68.12,34883686.0
2025-02-13,67.6,67.99,65.06,65.09,46137150.0
2025-02-14,65.0,67.68,64.68,66.59,38243854.0
2025-02-17,66.6,67.75,66.16,67.58,32432718.0
2025-02-18,67.4,68.18,66.39,66.73,28809876.0
2025-02-19,66.39,73.49,66.33,72.56,87681500.0
2025-02-20,72.06,73.4,70.81,72.48,49268934.0
2025-02-21,72.0,75.79,71.85,73.92,55139787.0
2025-02-24,74.25,75.29,72.6,74.0,42288095.0
2025-02-25,72.74,76.0,72.45,74.42,46507824.0
2025-02-26,74.43,81.71,73.8,77.98,68528921.0
2025-02-27,77.12,78.44,75.6,77.7,43482636.0
2025-02-28,76.38,76.85,71.85,72.15,57073936.0
2025-03-03,72.6,74.08,71.55,72.41,34242436.0
2025-03-04,71.69,75.14,71.65,74.07,33426419.0
2025-03-05,73.5,77.5,73.4,76.35,43096724.0
2025-03-06,77.0,78.77,76.44,77.27,37637171.0
2025-03-07,76.61,78.0,76.0,76.7,25951958.0
2025-03-10,77.0,79.15,75.86,77.6,34888923.0
2025-03-11,76.5,79.69,76.18,78.05,36025295.0
2025-03-12,77.3,77.66,74.38,74.7,41276519.0
2025-03-13,74.38,74.58,71.98,72.4,33355332.0
2025-03-14,72.25,74.66,71.45,73.72,38747074.0
2025-03-17,72.22,72.5,69.88,70.41,60002880.0
2025-03-18,70.42,71.14,70.01,70.9,27968259.0
2025-03-19,70.91,73.14,70.4,72.74,35458242.0
2025-03-20,72.02,72.42,70.69,71.52,23281347.0
2025-03-21,71.05,71.33,69.2,69.43,25006967.0
2025-03-24,69.43,70.27,68.7,69.94,20746051.0
2025-03-25,69.76,70.08,68.36,68.65,15313061.0
2025-03-26,68.6,69.67,68.5,68.57,14286064.0
2025-03-27,68.3,69.89,68.0,68.75,15026169.0
2025-03-28,68.6,69.26,68.31,68.47,9726903.0
2025-03-31,68.29,68.45,67.03,68.17,16528692.0
2025-04-01,68.18,68.4,67.21,67.71,13241688.0
2025-04-02,67.55,68.99,67.4,68.69,14760583.0
2025-04-03,69.28,70.88,68.69,69.8,30920122.0
2025-04-07,64.5,66.87,60.3,62.0,57116973.0
2025-04-08,62.22,64.17,61.34,62.4,38515641.0
2025-04-09,62.1,63.92,61.2,62.55,36398442.0
2025-04-10,64.08,65.49,62.85,64.75,34808779.0
2025-04-11,64.0,65.1,63.0,64.35,26923243.0
2025-04-14,65.0,65.3,63.7,63.88,19904962.0
2025-04-15,63.88,64.2,62.05,62.79,19903292.0
2025-04-16,62.79,63.1,61.77,62.69,16057060.0
2025-04-17,62.49,63.56,62.35,62.8,11760989.0
2025-04-18,62.5,62.94,61.8,62.8,11152772.0
2025-04-21,62.53,63.64,61.12,63.62,26949477.0
2025-04-22,62.94,63.44,62.6,62.7,12450103.0
2025-04-23,63.1,64.91,63.0,64.21,25035461.0
2025-04-24,64.4,65.47,63.86,64.22,17138524.0
2025-04-25,64.3,65.27,63.72,64.91,15539063.0
2025-04-28,64.91,65.63,64.12,64.41,12383254.0
2025-04-29,65.99,68.21,65.98,67.12,30502190.0
2025-04-30,68.2,71.89,67.4,71.59,43418207.0
2025-05-06,72.3,72.32,70.5,71.79,28713478.0
2025-05-07,72.32,72.68,69.79,70.48,27703590.0
2025-05-08,70.3,71.19,70.0,70.61,18932179.0
2025-05-09,70.37,70.53,69.25,69.47,21149917.0
2025-05-12,69.78,70.65,69.52,70.39,21698031.0
2025-05-13,71.04,71.06,68.9,69.28,21298523.0
2025-05-14,69.01,70.66,68.88,69.8,18902829.0
2025-05-15,69.79,70.08,68.41,68.49,14170432.0
2025-05-16,68.04,69.72,68.04,68.65,12636762.0
2025-05-19,68.5,68.82,67.79,68.3,13002562.0
2025-05-20,68.3,69.26,67.92,68.53,11119983.0
2025-05-21,68.49,69.1,67.9,68.77,11647024.0
2025-05-22,68.11,68.6,67.02,67.23,12329447.0
2025-05-23,66.94,67.87,66.5,66.5,12845626.0
2025-05-26,66.5,67.22,66.21,66.65,9433191.0
2025-05-27,66.5,66.91,65.51,65.77,10985587.0
2025-05-28,65.77,66.38,65.34,65.81,9699829.0
2025-05-29,66.05,67.71,65.71,67.08,17717340.0
2025-05-30,66.7,67.26,65.77,65.78,11894990.0
2025-06-03,65.69,66.18,64.8,64.84,14917292.0
2025-06-04,64.84,65.27,64.58,64.87,10737489.0
2025-06-05,65.03,65.37,64.39,65.18,20884615.0
2025-06-06,64.95,64.98,63.75,64.11,13819075.0
2025-06-09,64.12,64.62,63.71,64.05,17970475.0
2025-06-10,64.17,64.18,62.65,63.16,18029852.0
2025-06-11,63.0,63.97,62.99,63.69,14278044.0
2025-06-12,63.5,64.2,63.03,63.7,14807259.0
2025-06-13,63.85,65.28,63.6,63.79,37958612.0
2025-06-16,63.78,63.78,62.51,62.74,20201804.0
2025-06-17,62.78,63.11,62.05,62.19,13734993.0
2025-06-18,62.05,62.64,61.98,62.45,9723983.0
2025-06-19,62.28,63.09,61.93,61.95,14416913.0
2025-06-20,61.86,62.45,61.56,61.85,10840882.0
2025-06-23,61.5,62.16,61.44,61.95,10821003.0
2025-06-24,62.23,64.1,62.23,64.06,26026162.0
2025-06-25,64.0,65.0,63.66,64.95,22315480.0
2025-06-26,65.0,65.31,64.27,64.27,20915730.0
2025-06-27,65.56,65.56,63.8,63.82,24632592.0
2025-06-30,64.0,64.91,63.8,64.57,20002162.0
2025-07-01,64.5,64.57,63.81,64.22,13758170.0
2025-07-02,64.3,65.19,64.21,64.42,22094525.0
2025-07-03,64.4,65.15,64.12,64.75,17789884.0
2025-07-04,64.6,64.85,63.8,64.11,16202219.0
2025-07-07,63.83,64.09,62.22,62.32,22882675.0
2025-07-08,62.37,63.37,62.28,63.03,20468022.0
2025-07-09,63.35,64.16,62.55,62.64,19192005.0
2025-07-10,62.49,62.95,62.19,62.56,12257946.0
2025-07-11,62.8,64.71,62.56,64.0,28627311.0
2025-07-14,64.3,64.99,63.73,64.38,20587453.0
2025-07-15,64.45,64.8,63.7,64.15,18452083.0
2025-07-16,64.27,65.3,64.0,64.52,21516059.0
2025-07-17,64.55,65.22,64.06,65.13,22722513.0
2025-07-18,65.48,66.2,64.98,65.19,22215050.0
2025-07-21,65.59,66.35,64.58,65.22,33126861.0
2025-07-22,65.17,65.17,64.37,64.72,23047285.0
2025-07-23,64.71,65.5,64.56,64.76,24042396.0
2025-07-24,65.02,66.35,64.87,66.1,33732095.0
2025-07-25,65.81,65.95,64.9,65.41,23577703.0
2025-07-28,65.9,66.49,65.2,65.4,20655307.0
2025-07-29,65.2,65.35,64.37,65.07,23298484.0
2025-07-30,64.99,65.48,63.91,64.16,22625375.0
2025-07-31,64.1,65.15,63.28,63.39,29518456.0
2025-08-01,63.48,64.44,62.88,63.41,21255075.0
2025-08-04,63.32,64.95,63.18,64.56,27078944.0
2025-08-05,64.79,65.16,64.5,64.81,19202542.0
2025-08-06,65.0,66.5,64.76,65.86,39867215.0
2025-08-07,66.0,66.03,64.9,65.5,23395658.0
2025-08-08,65.73,66.18,64.48,64.51,20944691.0
2025-08-11,64.52,66.08,64.52,65.5,22362493.0
2025-08-12,65.53,65.67,64.88,65.4,16696211.0
2025-08-13,65.26,66.23,65.02,66.02,29069989.0
2025-08-14,66.23,67.26,65.67,66.54,48356925.0
2025-08-15,66.19,67.6,66.19,67.34,38698533.0
2025-08-18,67.59,68.48,66.81,67.8,49020179.0
2025-08-19,67.7,69.44,66.76,68.1,49919346.0
2025-08-20,67.84,68.9,67.07,68.88,39058766.0
2025-08-21,69.2,69.99,68.06,68.3,39829770.0
2025-08-22,68.0,69.7,67.8,69.7,45825809.0
2025-08-25,71.0,72.08,70.06,71.85,59724275.0
2025-08-26,72.0,72.76,71.0,71.2,47006203.0
2025-08-27,71.5,76.36,71.5,72.15,80611649.0
2025-08-28,72.08,73.8,71.51,73.78,66476847.0
2025-08-29,75.0,76.28,72.64,75.03,64787442.0
2025-09-01,75.03,77.68,74.53,75.9,53828951.0
2025-09-02,75.88,76.09,73.03,74.9,62594298.0
2025-09-03,75.05,75.4,72.47,73.07,51692915.0
2025-09-04,72.91,73.73,69.89,71.42,58669491.0
2025-09-05,71.43,73.4,70.81,73.35,37514366.0
2025-09-08,73.51,85.45,73.5,82.01,120246594.0
2025-09-09,80.51,80.9,78.46,78.88,78543453.0
2025-09-10,78.88,80.43,77.22,79.52,61923978.0
2025-09-11,79.0,81.12,77.89,80.7,57681453.0
2025-09-12,81.34,82.21,79.49,79.68,59231566.0
2025-09-15,79.6,82.17,79.35,80.15,52252590.0
2025-09-16,79.96,85.55,79.51,83.49,80653268.0
2025-09-17,83.5,84.44,82.48,84.05,59642904.0
2025-09-18,83.66,87.48,81.31,82.6,95878720.0
2025-09-19,82.7,84.0,81.6,81.7,55966471.0
2025-09-22,81.7,82.38,81.01,81.79,43989954.0
2025-09-23,81.8,83.94,80.75,82.6,60281548.0
2025-09-24,82.62,87.4,82.1,86.33,72255443.0
2025-09-25,87.0,89.65,85.1,85.91,67915345.0
2025-09-26,85.66,85.85,81.45,81.54,62568312.0
2025-09-29,82.01,83.5,80.57,83.4,50374190.0
2025-09-30,83.05,84.41,82.5,83.82,41083395.0
2025-10-09,84.8,91.0,84.09,88.91,90692610.0
2025-10-10,89.6,89.86,83.75,84.33,74627293.0
2025-10-13,80.35,82.57,79.8,81.51,65899659.0
2025-10-14,82.5,83.47,78.9,79.15,50776457.0
2025-10-15,79.05,81.19,78.18,80.71,39855602.0
2025-10-16,80.6,82.31,79.96,80.78,33130970.0
2025-10-17,80.79,80.88,77.47,77.59,37476879.0
2025-10-20,78.42,79.72,77.86,78.54,30414354.0
2025-10-21,78.65,79.96,77.94,79.42,25508265.0
2025-10-22,79.0,81.66,78.3,79.25,37707571.0
2025-10-23,78.7,79.55,77.4,79.25,26004215.0
2025-10-24,77.0,78.7,76.0,78.38,49653436.0
2025-10-27,79.07,79.73,77.32,78.27,46717471.0
2025-10-28,78.0,78.79,77.2,77.31,40693023.0
2025-10-29,77.38,79.03,77.31,79.03,34195781.0
2025-10-30,79.0,79.45,77.0,77.0,40985319.0
2025-10-31,77.05,79.6,76.95,77.01,38351425.0
2025-11-03,77.38,77.38,73.83,74.85,40999409.0
2025-11-04,74.49,74.7,72.52,73.09,33199276.0
2025-11-05,72.29,73.42,71.9,73.1,25581097.0
2025-11-06,73.19,74.75,73.01,74.5,26153059.0
2025-11-07,74.3,74.3,73.25,73.58,18651861.0
2025-11-10,73.68,74.24,72.33,72.81,21414596.0
2025-11-11,73.24,73.99,72.04,72.13,17822929.0
2025-11-12,72.04,72.58,71.22,71.5,21938641.0
2025-11-13,71.5,72.74,71.45,72.4,20205115.0
2025-11-14,72.3,72.5,71.09,71.09,19191446.0
2025-11-17,71.09,71.68,70.8,71.5,21380232.0
2025-11-18,71.49,71.85,71.1,71.51,18330184.0
2025-11-19,71.59,71.87,70.82,71.0,18859671.0
2025-11-20,71.18,71.48,69.95,69.99,17625500.0
2025-11-21,69.41,70.79,68.25,69.6,30888590.0
2025-11-24,70.0,70.45,68.9,69.81,26512625.0
2025-11-25,70.5,71.07,69.81,69.81,24351814.0
2025-11-26,69.86,70.85,69.41,70.3,22634628.0
2025-11-27,70.48,71.42,70.09,70.12,19993906.0
2025-11-28,70.37,70.88,69.9,70.66,18555964.0
2025-12-01,70.93,71.99,70.36,71.99,28913893.0
2025-12-02,71.78,71.81,71.01,71.07,21215125.0
2025-12-03,71.03,71.6,70.07,70.27,17521898.0
2025-12-04,71.24,73.33,71.24,72.65,43772692.0
2025-12-05,72.27,73.17,71.75,73.16,26187268.0
2025-12-08,73.44,74.38,72.8,74.04,33409395.0
2025-12-09,74.0,74.0,72.31,72.45,26723558.0
2025-12-10,72.46,74.8,72.35,74.69,39061761.0
2025-12-11,74.74,75.48,73.73,73.73,27253340.0
2025-12-12,73.5,74.08,72.83,73.9,25949394.0
2025-12-15,73.2,73.6,71.69,71.76,22040439.0
2025-12-16,71.76,71.94,70.41,70.55,17824088.0
2025-12-17,70.56,71.89,69.98,71.85,22818097.0
2025-12-18,71.49,72.59,71.29,71.29,17806082.0
2025-12-19,71.63,72.34,71.5,71.55,14147913.0
2025-12-22,71.83,73.15,71.71,72.72,24474682.0
2025-12-23,72.85,73.49,72.32,72.47,19302070.0
2025-12-24,72.4,72.65,71.73,72.36,19282107.0
2025-12-25,72.5,73.87,72.5,73.67,25891715.0
2025-12-26,73.68,73.75,72.68,73.3,21201965.0
2025-12-29,73.45,74.11,73.08,73.45,23694773.0
2025-12-30,73.05,76.69,73.0,76.48,52697764.0
2025-12-31,76.49,76.49,75.01,75.33,35321955.0
2026-01-05,75.56,79.3,75.1,78.35,56452942.0
2026-01-06,78.69,78.8,77.5,78.48,37666107.0
2026-01-07,78.3,79.02,77.5,78.03,31086741.0
2026-01-08,78.4,79.0,77.26,77.58,30648932.0
2026-01-09,77.46,78.98,77.31,78.3,33085061.0
2026-01-12,79.14,81.17,78.6,80.85,52437918.0
2026-01-13,80.82,80.82,78.28,78.33,43820035.0
2026-01-14,78.61,81.36,77.01,77.95,55663669.0
2026-01-15,77.89,81.48,77.71,80.84,60928418.0
2026-01-16,81.17,82.15,80.51,80.85,46966213.0
2026-01-19,80.85,81.55,79.91,80.27,32116704.0
2026-01-20,80.01,81.18,78.8,79.38,34100363.0
2026-01-21,79.15,81.5,79.09,80.08,37606145.0
2026-01-22,80.6,82.59,79.03,79.12,36242230.0
2026-01-23,79.35,80.99,79.19,79.38,39627813.0
2026-01-26,79.5,80.45,77.2,77.2,41862977.0
2026-01-27,77.01,79.7,76.75,78.44,34792755.0
2026-01-28,78.0,78.27,75.85,76.41,44735187.0
2026-01-29,76.44,77.03,75.68,75.87,30604601.0
2026-01-30,75.68,76.08,73.21,74.63,33638913.0
2026-02-02,74.52,77.0,74.45,75.04,33400621.0
2026-02-03,75.51,75.68,74.22,75.43,26741185.0
2026-02-04,75.29,75.78,74.3,75.57,21888029.0
2026-02-05,75.58,75.66,73.75,74.53,22730129.0
2026-02-06,73.84,75.28,73.39,74.65,21436335.0
2026-02-09,75.36,77.33,75.35,76.85,29069562.0
2026-02-10,76.8,78.59,76.53,78.37,32353062.0
2026-02-11,78.0,78.0,75.38,75.45,34577466.0
2026-02-12,75.35,75.88,74.9,75.8,20098358.0
2026-02-13,75.5,75.67,74.92,75.12,18142712.0
2026-02-24,77.03,77.11,74.33,74.35,34527546.0
2026-02-25,74.28,74.44,73.42,74.2,26944457.0
2026-02-26,73.94,74.08,73.38,73.8,20891294.0
2026-02-27,73.53,73.87,72.82,72.92,27114840.0
2026-03-02,71.75,72.42,70.91,71.38,28449813.0
2026-03-03,71.3,71.83,69.01,69.01,33314652.0
2026-03-04,68.23,69.02,67.62,67.99,25631512.0
2026-03-05,71.4,71.69,69.77,70.39,37573407.0
2026-03-06,70.28,71.98,70.01,71.47,26929956.0
2026-03-09,70.89,71.37,69.96,70.79,29902602.0
2026-03-10,70.92,71.62,70.76,71.04,25092481.0
2026-03-11,71.04,71.85,70.95,71.15,23086659.0
2026-03-12,71.07,71.3,69.8,71.16,25919885.0
2026-03-13,70.98,72.79,70.64,72.79,41172759.0
2026-03-16,71.5,71.9,70.4,71.8,33359501.0
2026-03-17,71.93,72.48,70.82,71.2,27742320.0
2026-03-18,71.17,71.48,69.19,70.0,28090713.0
2026-03-19,69.29,69.98,69.12,69.23,21680122.0
2026-03-20,69.09,69.64,67.75,68.75,25787179.0
2026-03-23,68.01,68.26,65.0,65.33,30592306.0
2026-03-24,67.03,67.1,65.0,66.1,16902069.0
2026-03-25,66.59,68.12,66.12,68.01,19383056.0
2026-03-26,68.0,68.6,67.32,67.52,14242200.0
2026-03-27,66.95,68.72,66.6,68.54,17131942.0
2026-03-30,67.58,68.0,66.75,67.38,12225030.0
2026-03-31,68.15,68.88,66.95,67.0,14616997.0
2026-04-01,68.5,68.66,67.67,68.22,12598229.0
2026-04-02,68.0,68.05,66.0,66.87,19342830.0
2026-04-03,66.71,67.08,66.01,66.06,9009995.0
2026-04-07,66.18,66.25,64.55,64.75,14203867.0
2026-04-08,66.02,67.45,66.01,67.45,23465172.0
2026-04-09,66.77,66.88,65.87,66.04,20165815.0
2026-04-10,66.72,68.59,66.72,68.11,33376092.0
2026-04-13,67.55,68.08,66.78,67.6,21245692.0
2026-04-14,68.13,69.47,68.11,69.11,27324025.0
2026-04-15,69.59,69.9,67.8,67.9,24145625.0
2026-04-16,68.33,68.68,66.66,66.84,41057955.0
2026-04-17,66.71,66.72,65.51,65.66,38990739.0
2026-04-20,66.0,66.97,65.61,66.52,33216049.0
2026-04-21,66.66,66.94,65.1,66.04,29163226.0
2026-04-22,65.86,67.12,65.32,66.91,28031176.0
2026-04-23,67.0,67.19,65.28,65.34,30536683.0
2026-04-24,65.02,65.29,63.63,64.75,34526435.0
2026-04-27,64.11,66.55,64.02,65.74,37245232.0
2026-04-28,64.0,64.0,60.13,61.36,67549640.0
2026-04-29,61.99,67.67,61.8,67.59,89255041.0
2026-04-30,67.67,70.41,67.42,68.6,55779743.0
2026-05-06,69.98,71.55,69.01,71.07,55299119.0
2026-05-07,71.9,76.19,71.77,75.55,86760287.0
2026-05-08,74.67,76.21,74.53,75.0,51029083.0
2026-05-11,75.5,78.24,75.2,77.49,62850959.0
2026-05-12,77.48,78.08,75.25,75.45,44545655.0
2026-05-13,75.37,76.77,73.78,76.46,51012149.0
2026-05-14,76.46,76.55,74.4,74.42,29110776.0
2026-05-15,74.49,79.88,74.49,77.32,71909609.0
2026-05-18,77.42,79.3,76.62,77.36,54705518.0
2026-05-19,77.6,77.88,75.9,77.8,35410068.0
2026-05-20,77.16,77.58,75.69,76.76,32444528.0
2026-05-21,77.0,80.75,77.0,77.77,66775630.0
2026-05-22,77.87,79.36,76.3,78.99,49464279.0
2026-05-25,79.4,79.86,76.9,78.83,42818663.0
2026-05-26,79.35,84.05,79.22,80.88,71002696.0
2026-05-27,79.85,80.43,77.79,78.1,50829218.0
2026-05-28,78.0,78.1,75.28,76.95,41691030.0
2026-05-29,77.15,78.25,73.4,73.96,40877285.0
2026-06-01,74.0,76.44,73.0,74.5,44763655.0
2026-06-02,74.96,77.74,74.88,76.47,36450362.0
2026-06-03,76.24,77.83,75.3,75.86,42015149.0
2026-06-04,75.6,77.46,74.03,74.15,36888111.0
2026-06-05,74.48,77.63,72.14,75.08,53179528.0
2026-06-08,73.0,77.28,72.72,74.52,56807385.0
2026-06-09,76.33,76.75,73.75,74.6,43023375.0
2026-06-10,73.5,73.71,69.51,70.1,53448683.0
2026-06-11,69.62,70.5,68.64,69.21,32808126.0
2026-06-12,69.5,70.66,67.16,67.16,51081997.0
2026-06-15,69.0,69.77,68.01,69.3,34189360.0
2026-06-16,69.3,72.21,69.02,70.24,33373825.0
2026-06-17,69.35,69.81,68.18,69.75,30740616.0
2026-06-18,69.58,72.36,69.25,71.18,39018773.0
2026-06-22,71.25,71.4,66.83,68.95,50994123.0
2026-06-23,68.3,68.8,66.57,66.82,36475062.0
2026-06-24,66.64,67.49,65.74,66.31,30921533.0
2026-06-25,66.66,70.32,66.42,66.84,51711185.0
2026-06-26,66.4,66.75,63.13,63.28,43068790.0
2026-06-29,62.98,65.97,62.01,65.23,48297832.0
2026-06-30,66.53,67.28,64.39,66.33,42334935.0
2026-07-01,66.4,69.38,65.74,68.2,47208045.0
2026-07-02,67.47,71.79,67.31,68.4,70335781.0
2026-07-03,67.5,74.63,67.4,72.15,97020245.0
2026-07-06,71.7,71.94,68.2,68.33,69748638.0
2026-07-07,68.0,69.79,65.73,66.05,43767199.0
2026-07-08,65.5,66.04,63.15,63.2,39479263.0
2026-07-09,63.2,64.47,62.26,64.32,37597628.0
2026-07-10,64.48,65.9,63.35,63.43,37847704.0
2026-07-13,63.0,63.01,60.86,60.95,34383374.0
2026-07-14,60.71,60.95,58.85,60.25,36891851.0
2026-07-15,60.72,61.66,59.88,61.04,27125518.0
2026-07-16,60.84,61.52,60.11,60.31,23100036.0
